ts,ad,segment,impressions
2024-02-01 21:13:42.034115,ad1,seg1,5
2024-02-10 22:09:27.880630,ad1,seg1,15
2024-02-16 05:47:00.769122,ad1,seg1,47
2024-02-24 11:12:46.364382,ad1,seg1,23
2024-02-24 01:44:10.080503,ad1,seg1,30
2024-02-12 11:58:55.886322,ad1,seg1,20
2024-02-09 20:51:52.635404,ad1,seg1,19
2024-02-12 05:52:04.380108,ad1,seg1,33
2024-02-23 10:55:16.134251,ad1,seg1,6
2024-02-14 17:55:35.866624,ad1,seg1,8
2024-02-23 01:20:35.194699,ad1,seg1,15
2024-02-20 21:13:40.535322,ad1,seg1,4
2024-02-03 16:49:31.891592,ad1,seg1,13
2024-02-15 09:28:16.846501,ad1,seg1,1
2024-02-10 10:03:02.882862,ad1,seg1,31
2024-02-07 17:01:09.400094,ad1,seg1,38
2024-02-17 20:35:54.131088,ad1,seg1,3
2024-02-10 08:12:50.526593,ad1,seg1,48
2024-02-03 01:06:07.190006,ad1,seg1,7
2024-02-18 03:47:04.062265,ad1,seg1,1
2024-02-10 09:56:36.671756,ad1,seg1,5
2024-02-13 10:48:21.873980,ad1,seg1,1
2024-02-06 18:59:44.106459,ad1,seg1,3
2024-02-20 08:10:28.142218,ad1,seg1,4
2024-02-09 19:55:08.993512,ad1,seg1,18
2024-02-04 22:39:00.728681,ad1,seg1,37
2024-02-12 04:49:32.216628,ad1,seg1,31
2024-02-20 16:46:23.253416,ad1,seg1,33
2024-02-22 06:01:38.857901,ad1,seg1,27
2024-02-17 05:21:02.286286,ad1,seg1,32
2024-02-23 16:07:37.618797,ad1,seg1,10
2024-02-24 01:33:17.128806,ad1,seg1,48
2024-02-21 08:49:24.951371,ad1,seg1,21
2024-02-25 14:30:20.876597,ad1,seg1,14
2024-02-19 19:30:22.887933,ad1,seg1,8
2024-02-13 04:25:49.066749,ad1,seg1,28
2024-02-23 07:57:34.149633,ad1,seg1,14
2024-02-17 18:58:56.929768,ad1,seg1,10
2024-02-02 16:31:53.524070,ad1,seg1,15
2024-02-03 16:58:03.799754,ad1,seg1,34
2024-02-24 13:36:45.041992,ad1,seg1,37
2024-02-23 16:37:42.403100,ad1,seg1,42
2024-02-19 14:47:49.695692,ad1,seg1,40
2024-02-24 09:31:39.719711,ad1,seg1,11
2024-02-22 06:27:02.589262,ad1,seg1,2
2024-02-06 11:30:08.667129,ad1,seg1,28
2024-02-07 14:15:34.389704,ad1,seg1,9
2024-02-06 10:57:00.991738,ad1,seg1,23
2024-02-17 06:16:11.898215,ad1,seg1,14
2024-02-24 23:05:56.119415,ad1,seg1,25
2024-02-14 08:13:38.802120,ad1,seg1,30
2024-02-19 19:46:18.681734,ad1,seg1,20
2024-02-03 21:56:58.957542,ad1,seg1,24
2024-02-14 20:07:06.198168,ad1,seg1,10
2024-02-24 07:51:26.606367,ad1,seg1,65
2024-02-21 02:52:40.792272,ad1,seg1,11
2024-02-17 10:14:26.744879,ad1,seg1,31
2024-02-17 04:45:06.133847,ad1,seg1,42
2024-02-23 22:53:46.492425,ad1,seg1,26
2024-02-11 15:54:13.889586,ad1,seg1,10
2024-02-14 11:43:54.507988,ad1,seg1,22
2024-02-23 09:52:05.840883,ad1,seg1,10
2024-02-10 07:58:16.046759,ad1,seg1,22
2024-02-11 23:04:35.954980,ad1,seg1,18
2024-02-24 13:06:13.515720,ad1,seg1,32
2024-02-17 17:59:49.187408,ad1,seg1,21
2024-02-21 01:52:12.975928,ad1,seg1,3
2024-02-03 06:00:07.682901,ad1,seg1,24
2024-02-18 00:54:44.606137,ad1,seg1,13
2024-02-11 01:41:30.539447,ad1,seg1,10
2024-02-06 08:58:22.425635,ad1,seg1,22
2024-02-09 10:02:33.259022,ad1,seg1,9
2024-02-25 16:57:59.572209,ad1,seg1,8
2024-02-01 16:49:51.174646,ad1,seg1,23
2024-02-25 15:12:17.709165,ad1,seg1,9
2024-02-24 09:52:55.879910,ad1,seg1,39
2024-02-23 15:55:16.084927,ad1,seg1,52
2024-02-01 14:12:26.894842,ad1,seg1,17
2024-02-02 10:27:37.928668,ad1,seg1,24
2024-02-01 14:11:16.029743,ad1,seg1,43
2024-02-18 17:46:30.006838,ad1,seg1,26
2024-02-08 00:22:54.781514,ad1,seg1,22
2024-02-22 16:31:35.730807,ad1,seg1,42
2024-02-17 19:11:40.257752,ad1,seg1,7
2024-02-25 08:50:58.279006,ad1,seg1,11
2024-02-10 14:22:45.860546,ad1,seg1,18
2024-02-25 07:08:13.038501,ad1,seg1,6
2024-02-02 02:59:01.900653,ad1,seg1,25
2024-02-18 07:27:08.857813,ad1,seg1,28
2024-02-15 00:27:53.716296,ad1,seg1,16
2024-02-13 05:52:04.161045,ad1,seg1,38
2024-02-19 20:45:13.630755,ad1,seg1,48
2024-02-21 10:40:48.187351,ad1,seg1,18
2024-02-24 07:26:28.365569,ad1,seg1,11
2024-02-10 06:06:32.090355,ad1,seg1,15
2024-02-24 06:41:45.409847,ad1,seg1,12
2024-02-18 10:53:49.238159,ad1,seg1,15
2024-02-15 17:31:42.314559,ad1,seg1,1
2024-02-11 08:24:22.005846,ad1,seg1,4
2024-02-10 12:03:27.931418,ad1,seg1,17
2024-02-04 11:58:37.367370,ad1,seg1,36
2024-02-22 02:16:57.356254,ad1,seg1,21
2024-02-09 17:33:01.576302,ad1,seg1,19
2024-02-13 11:52:50.149468,ad1,seg1,15
2024-02-02 13:30:45.566781,ad1,seg1,48
2024-02-24 08:00:59.229651,ad1,seg1,1
2024-02-18 12:12:50.416653,ad1,seg1,47
2024-02-16 18:00:19.722207,ad1,seg1,2
2024-02-12 17:40:17.100785,ad1,seg1,13
2024-02-17 00:05:11.318769,ad1,seg1,18
2024-02-07 21:05:34.346063,ad1,seg2,24
2024-02-14 14:14:05.008971,ad1,seg2,5
2024-02-21 11:13:32.852724,ad1,seg2,12
2024-02-20 10:44:50.690282,ad1,seg2,32
2024-02-20 23:40:25.711881,ad1,seg2,22
2024-02-10 03:08:05.760954,ad1,seg2,40
2024-02-19 04:37:39.343240,ad1,seg2,14
2024-02-01 19:43:41.576349,ad1,seg2,2
2024-02-05 08:29:17.529364,ad1,seg2,60
2024-02-03 23:17:57.958721,ad1,seg2,11
2024-02-21 07:38:38.485836,ad1,seg2,20
2024-02-08 10:54:26.417419,ad1,seg2,17
2024-02-13 17:34:23.132854,ad1,seg2,22
2024-02-17 19:04:18.839637,ad1,seg2,5
2024-02-11 21:48:10.230424,ad1,seg2,27
2024-02-07 06:39:57.747854,ad1,seg2,32
2024-02-24 11:22:59.557727,ad1,seg2,21
2024-02-22 15:42:31.214125,ad1,seg2,12
2024-02-01 21:39:09.894044,ad1,seg2,23
2024-02-05 04:01:01.281613,ad1,seg2,2
2024-02-09 16:30:59.665579,ad1,seg2,11
2024-02-05 12:04:35.362259,ad1,seg2,24
2024-02-16 22:05:15.710497,ad1,seg2,6
2024-02-05 05:15:00.117230,ad1,seg2,37
2024-02-24 03:30:58.623943,ad1,seg2,5
2024-02-11 13:24:06.857921,ad1,seg2,22
2024-02-16 15:06:13.937791,ad1,seg2,7
2024-02-04 06:42:21.754436,ad1,seg2,5
2024-02-13 23:01:47.965265,ad1,seg2,1
2024-02-08 01:26:27.866669,ad1,seg2,47
2024-02-01 22:54:02.419813,ad1,seg2,38
2024-02-22 06:20:19.108779,ad1,seg2,7
2024-02-04 19:48:34.111568,ad1,seg2,7
2024-02-19 08:14:12.113729,ad1,seg2,8
2024-02-20 21:46:05.243818,ad1,seg2,1
2024-02-19 19:07:48.336966,ad1,seg2,9
2024-02-09 06:27:28.114906,ad1,seg2,24
2024-02-06 02:21:49.799526,ad1,seg2,23
2024-02-24 09:23:20.136377,ad1,seg2,17
2024-02-12 19:11:50.245864,ad1,seg2,28
2024-02-19 10:10:52.361428,ad1,seg2,13
2024-02-18 23:05:46.039731,ad1,seg2,38
2024-02-01 16:14:46.248702,ad1,seg2,1
2024-02-19 17:07:49.892227,ad1,seg2,17
2024-02-16 21:45:42.950201,ad1,seg2,31
2024-02-06 19:16:56.956836,ad1,seg2,3
2024-02-21 06:29:50.567006,ad1,seg2,39
2024-02-16 06:45:52.769475,ad1,seg2,5
2024-02-07 18:30:56.745497,ad1,seg2,18
2024-02-08 04:02:13.864342,ad1,seg2,9
2024-02-25 09:36:23.109494,ad1,seg2,21
2024-02-17 23:43:44.728549,ad1,seg2,34
2024-02-06 06:59:12.398455,ad1,seg2,14
2024-02-04 08:05:09.780828,ad1,seg2,8
2024-02-17 02:14:58.829185,ad1,seg2,2
2024-02-13 02:19:45.038487,ad1,seg2,14
2024-02-14 03:03:27.526240,ad1,seg2,41
2024-02-17 14:36:48.417323,ad1,seg2,35
2024-02-22 23:05:15.385668,ad1,seg2,19
2024-02-14 15:12:19.609150,ad1,seg2,21
2024-02-01 13:24:27.828626,ad1,seg2,4
2024-02-12 14:43:44.981802,ad1,seg2,41
2024-02-08 22:49:57.249483,ad1,seg2,35
2024-02-21 17:45:52.610245,ad1,seg2,14
2024-02-03 11:23:08.250023,ad1,seg2,22
2024-02-16 01:22:28.881493,ad1,seg2,10
2024-02-18 09:57:25.076469,ad1,seg2,11
2024-02-19 10:43:07.902287,ad1,seg2,11
2024-02-18 22:14:38.844088,ad1,seg2,1
2024-02-08 17:05:05.349171,ad1,seg2,30
2024-02-12 08:04:42.623322,ad1,seg2,23
2024-02-10 03:56:17.674908,ad1,seg2,9
2024-02-14 04:13:44.832180,ad1,seg2,6
2024-02-15 14:33:54.008075,ad1,seg2,8
2024-02-01 07:04:50.030694,ad1,seg2,21
2024-02-08 10:49:01.587100,ad1,seg2,13
2024-02-11 05:00:12.438907,ad1,seg2,13
2024-02-17 13:03:34.759234,ad1,seg2,24
2024-02-10 09:01:07.184479,ad1,seg2,4
2024-02-19 09:13:17.607615,ad1,seg2,8
2024-02-06 10:27:53.834821,ad1,seg2,17
2024-02-04 06:35:02.726288,ad1,seg2,36
2024-02-13 14:18:38.325445,ad1,seg2,19
2024-02-17 01:53:30.333800,ad1,seg2,22
2024-02-11 12:31:41.867606,ad1,seg2,11
2024-02-07 23:16:55.069252,ad1,seg2,16
2024-02-25 13:06:54.743772,ad1,seg2,18
2024-02-10 05:44:37.234254,ad1,seg2,45
2024-02-16 23:42:45.504452,ad1,seg2,39
2024-02-18 17:35:39.781001,ad1,seg2,27
2024-02-15 23:59:07.782358,ad1,seg2,26
2024-02-16 07:42:14.370328,ad1,seg2,64
2024-02-22 04:34:24.520313,ad1,seg2,18
2024-02-19 11:11:46.243133,ad1,seg2,1
2024-02-21 21:17:39.173437,ad1,seg2,48
2024-02-02 09:19:37.399255,ad1,seg2,14
2024-02-03 08:57:16.257404,ad1,seg2,1
2024-02-10 13:12:36.845660,ad1,seg2,25
2024-02-17 20:17:00.544037,ad1,seg2,16
2024-02-05 18:44:29.703713,ad1,seg2,10
2024-02-23 09:49:14.773668,ad1,seg2,33
2024-02-12 13:21:27.078233,ad1,seg2,11
2024-02-25 05:21:13.029445,ad1,seg2,3
2024-02-24 10:36:41.303623,ad1,seg2,3
2024-02-15 12:22:19.191661,ad1,seg2,29
2024-02-07 04:00:09.781556,ad1,seg2,44
2024-02-10 20:10:15.857859,ad1,seg2,11
2024-02-05 05:37:41.975945,ad1,seg2,41
2024-02-25 05:20:04.484478,ad1,seg2,34
2024-02-23 10:25:10.271812,ad1,seg2,17
2024-02-23 01:23:47.583420,ad1,seg2,30
2024-02-01 08:35:39.348835,ad1,seg2,32
2024-02-23 17:09:48.746422,ad1,seg2,24
2024-02-18 20:58:22.493392,ad1,seg2,42
2024-02-02 12:12:47.301023,ad1,seg2,12
2024-02-04 00:11:39.204584,ad1,seg2,26
2024-02-16 11:09:25.269694,ad1,seg2,26
2024-02-10 13:47:03.271170,ad1,seg2,31
2024-02-25 16:21:41.508900,ad1,seg2,17
2024-02-05 18:41:25.780448,ad1,seg2,1
2024-02-24 13:36:54.946403,ad1,seg2,56
2024-02-02 08:35:53.106469,ad1,seg2,14
2024-02-24 14:48:19.244317,ad1,seg3,31
2024-02-06 00:49:37.306714,ad1,seg3,18
2024-02-20 18:04:59.770579,ad1,seg3,33
2024-02-21 19:38:49.609604,ad1,seg3,39
2024-02-10 13:33:15.489325,ad1,seg3,58
2024-02-16 03:18:13.719606,ad1,seg3,10
2024-02-09 00:35:13.077917,ad1,seg3,16
2024-02-08 19:30:21.952568,ad1,seg3,2
2024-02-20 16:01:31.896100,ad1,seg3,11
2024-02-21 17:09:40.033496,ad1,seg3,12
2024-02-09 23:25:17.055580,ad1,seg3,1
2024-02-18 11:00:54.512677,ad1,seg3,41
2024-02-10 08:13:34.910699,ad1,seg3,7
2024-02-01 13:03:45.002863,ad1,seg3,31
2024-02-06 15:31:57.296028,ad1,seg3,2
2024-02-04 07:45:30.294857,ad1,seg3,27
2024-02-08 03:47:16.165255,ad1,seg3,17
2024-02-04 04:33:44.914004,ad1,seg3,16
2024-02-17 01:25:13.475661,ad1,seg3,15
2024-02-06 19:39:38.514977,ad1,seg3,20
2024-02-07 00:52:11.440138,ad1,seg3,35
2024-02-11 12:17:45.160578,ad1,seg3,25
2024-02-15 06:11:00.011390,ad1,seg3,21
2024-02-15 04:09:29.881112,ad1,seg3,12
2024-02-09 12:03:33.361082,ad1,seg3,16
2024-02-10 08:40:37.609665,ad1,seg3,7
2024-02-17 18:31:07.893061,ad1,seg3,27
2024-02-13 14:19:10.481436,ad1,seg3,15
2024-02-06 13:27:12.184655,ad1,seg3,12
2024-02-06 04:22:49.133043,ad1,seg3,25
2024-02-04 12:10:07.156973,ad1,seg3,2
2024-02-12 19:23:26.145343,ad1,seg3,36
2024-02-25 15:00:05.259745,ad1,seg3,33
2024-02-20 10:50:03.733315,ad1,seg3,14
2024-02-13 02:10:43.478389,ad1,seg3,21
2024-02-23 00:37:44.505833,ad1,seg3,11
2024-02-07 02:46:27.157038,ad1,seg3,40
2024-02-09 20:22:27.319989,ad1,seg3,37
2024-02-19 20:30:03.428394,ad1,seg3,6
2024-02-17 04:28:31.546005,ad1,seg3,35
2024-02-03 02:20:43.485782,ad1,seg3,16
2024-02-14 00:13:49.286431,ad1,seg3,13
2024-02-03 15:45:27.932893,ad1,seg3,14
2024-02-06 19:40:35.196812,ad1,seg3,44
2024-02-23 15:26:56.031973,ad1,seg3,8
2024-02-04 21:00:36.183610,ad1,seg3,6
2024-02-06 18:49:35.797512,ad1,seg3,20
2024-02-17 21:07:11.185269,ad1,seg3,23
2024-02-08 04:44:42.593926,ad1,seg3,43
2024-02-13 22:17:22.379525,ad1,seg3,6
2024-02-04 02:46:48.264842,ad1,seg3,29
2024-02-12 06:15:27.457563,ad1,seg3,23
2024-02-03 09:30:39.305529,ad1,seg3,52
2024-02-03 02:26:01.530850,ad1,seg3,17
2024-02-24 22:40:14.438842,ad1,seg3,11
2024-02-04 18:17:11.611071,ad1,seg4,44
2024-02-20 16:14:30.644375,ad1,seg4,9
2024-02-15 18:12:07.029959,ad1,seg4,53
2024-02-15 15:55:27.281556,ad1,seg4,33
2024-02-10 01:00:46.566153,ad1,seg4,23
2024-02-21 06:59:37.184686,ad1,seg4,28
2024-02-21 08:24:22.286716,ad1,seg4,12
2024-02-05 05:36:48.279944,ad1,seg4,5
2024-02-25 11:56:06.056902,ad1,seg4,13
2024-02-01 20:13:36.016959,ad1,seg4,28
2024-02-23 18:49:24.249147,ad1,seg4,33
2024-02-12 03:16:48.653796,ad1,seg4,27
2024-02-24 15:26:14.489407,ad1,seg4,18
2024-02-19 14:40:12.804488,ad1,seg4,8
2024-02-24 06:29:11.892473,ad1,seg4,1
2024-02-14 02:48:51.032152,ad1,seg4,13
2024-02-05 17:08:15.491933,ad1,seg4,20
2024-02-19 20:12:31.328232,ad1,seg4,14
2024-02-02 11:34:48.112060,ad1,seg4,40
2024-02-12 12:04:53.374068,ad1,seg4,18
2024-02-07 16:03:50.938243,ad1,seg4,33
2024-02-17 09:15:46.455348,ad1,seg4,6
2024-02-16 19:03:25.914997,ad1,seg4,22
2024-02-02 08:01:31.638923,ad1,seg4,22
2024-02-06 20:42:16.306911,ad1,seg4,6
2024-02-05 13:02:14.460061,ad1,seg4,22
2024-02-17 19:57:30.996474,ad1,seg4,7
2024-02-14 16:47:09.921368,ad1,seg4,37
2024-02-09 03:51:18.381826,ad1,seg4,27
2024-02-18 12:33:45.244186,ad1,seg4,32
2024-02-12 06:42:46.633973,ad1,seg4,52
2024-02-06 19:26:34.402667,ad1,seg4,11
2024-02-03 00:08:58.123823,ad1,seg4,30
2024-02-14 02:27:09.520547,ad1,seg4,24
2024-02-25 01:08:28.946078,ad1,seg4,42
2024-02-20 10:38:26.000374,ad1,seg4,14
2024-02-20 14:13:01.192255,ad1,seg4,9
2024-02-10 06:46:22.590099,ad1,seg4,6
2024-02-18 00:01:01.889230,ad1,seg4,37
2024-02-03 01:34:59.841669,ad1,seg4,18
2024-02-11 01:35:05.488330,ad1,seg4,25
2024-02-15 13:55:30.029708,ad1,seg4,27
2024-02-09 00:15:38.925666,ad1,seg4,30
2024-02-12 19:33:36.732782,ad1,seg4,54
2024-02-21 17:09:12.268743,ad1,seg4,32
2024-02-05 08:44:12.813853,ad1,seg4,10
2024-02-14 23:42:25.876842,ad1,seg4,11
2024-02-12 02:55:35.990148,ad1,seg4,10
2024-02-03 18:18:11.242117,ad1,seg4,4
2024-02-17 15:05:26.389110,ad1,seg4,23
2024-02-19 13:12:02.106796,ad1,seg4,44
2024-02-18 09:46:30.181002,ad1,seg4,5
2024-02-25 07:35:34.105325,ad1,seg4,17
2024-02-24 14:28:35.616317,ad1,seg4,15
2024-02-17 11:05:17.163338,ad1,seg4,37
2024-02-09 14:46:42.928063,ad1,seg4,15
2024-02-16 12:39:51.157935,ad1,seg4,2
2024-02-11 00:12:10.072952,ad1,seg4,18
2024-02-14 08:55:34.591249,ad1,seg4,10
2024-02-22 18:31:32.167129,ad1,seg4,33
2024-02-25 13:43:46.790507,ad1,seg4,6
2024-02-11 21:58:51.012797,ad1,seg4,40
2024-02-21 19:20:32.365857,ad1,seg4,19
2024-02-09 10:47:55.660502,ad1,seg4,5
2024-02-13 21:10:44.694314,ad1,seg4,20
2024-02-02 05:50:56.646719,ad1,seg4,62
2024-02-22 00:33:19.107466,ad1,seg4,29
2024-02-19 21:30:59.331620,ad1,seg4,5
2024-02-13 03:31:15.795267,ad1,seg4,41
2024-02-13 22:26:45.575466,ad1,seg4,48
2024-02-08 05:50:28.345697,ad1,seg4,9
2024-02-03 18:48:14.037022,ad1,seg4,4
2024-02-11 06:25:28.343491,ad1,seg4,23
2024-02-13 03:47:01.869235,ad1,seg4,11
2024-02-22 08:37:14.956847,ad1,seg4,14
2024-02-21 14:21:28.046968,ad1,seg4,28
2024-02-14 03:37:09.853546,ad1,seg4,42
2024-02-13 22:54:57.138033,ad1,seg4,57
2024-02-09 06:27:56.801411,ad1,seg4,24
2024-02-19 09:10:48.319751,ad1,seg4,16
2024-02-15 03:05:42.539085,ad1,seg4,10
2024-02-18 23:21:43.822632,ad1,seg4,34
2024-02-05 04:03:36.023624,ad1,seg4,28
2024-02-22 06:31:43.323664,ad1,seg4,29
2024-02-17 23:10:11.165536,ad1,seg4,43
2024-02-14 19:50:57.826783,ad1,seg4,8
2024-02-04 01:35:56.322115,ad1,seg4,35
2024-02-13 18:01:31.836208,ad1,seg4,46
2024-02-18 16:59:35.175573,ad1,seg4,28
2024-02-23 14:36:45.642977,ad1,seg4,14
2024-02-12 22:51:11.836698,ad1,seg4,56
2024-02-19 20:28:56.888280,ad1,seg4,25
2024-02-15 00:29:20.787401,ad1,seg4,25
2024-02-18 15:02:23.581517,ad1,seg4,4
2024-02-05 09:54:46.992246,ad1,seg4,9
2024-02-24 03:02:34.658963,ad1,seg4,12
2024-02-23 08:43:57.198468,ad2,seg1,51
2024-02-22 07:39:37.925829,ad2,seg1,37
2024-02-16 18:47:21.946497,ad2,seg1,22
2024-02-15 00:37:30.578830,ad2,seg1,57
2024-02-19 16:11:01.942610,ad2,seg1,53
2024-02-26 00:18:00.764558,ad2,seg1,35
2024-02-18 18:41:59.913061,ad2,seg1,37
2024-02-12 13:44:55.574182,ad2,seg1,10
2024-02-06 20:58:08.537705,ad2,seg1,29
2024-02-05 22:50:07.503237,ad2,seg1,17
2024-02-26 18:29:29.905668,ad2,seg1,41
2024-02-21 17:52:22.805871,ad2,seg1,55
2024-02-12 10:01:38.237740,ad2,seg1,27
2024-02-15 07:55:37.894825,ad2,seg1,6
2024-02-28 11:36:13.738743,ad2,seg1,43
2024-02-12 02:44:46.444561,ad2,seg1,29
2024-02-27 12:38:38.836745,ad2,seg1,31
2024-02-16 05:15:28.370778,ad2,seg1,29
2024-02-13 09:32:17.178185,ad2,seg1,46
2024-02-24 09:31:11.785108,ad2,seg1,34
2024-02-03 16:57:53.766798,ad2,seg1,37
2024-02-21 06:28:51.898540,ad2,seg1,24
2024-02-14 03:41:25.020664,ad2,seg1,35
2024-02-03 19:27:02.054149,ad2,seg1,39
2024-02-24 15:22:00.984006,ad2,seg1,32
2024-02-04 14:58:17.123629,ad2,seg1,35
2024-02-11 10:37:25.416986,ad2,seg1,10
2024-02-10 23:24:05.041942,ad2,seg1,14
2024-02-17 09:06:21.134396,ad2,seg1,23
2024-02-19 09:50:31.110605,ad2,seg1,48
2024-02-05 00:20:56.170536,ad2,seg1,25
2024-02-05 07:38:15.486522,ad2,seg1,64
2024-02-25 00:22:21.153949,ad2,seg1,4
2024-02-24 17:10:20.456962,ad2,seg1,54
2024-02-11 04:14:29.220862,ad2,seg1,36
2024-02-12 06:17:03.671536,ad2,seg1,8
2024-02-26 18:03:33.813301,ad2,seg1,38
2024-02-12 10:53:55.103997,ad2,seg1,40
2024-02-16 04:20:57.539952,ad2,seg1,44
2024-02-11 16:13:03.657506,ad2,seg1,27
2024-02-18 13:25:37.272732,ad2,seg1,26
2024-02-07 08:29:54.584309,ad2,seg1,32
2024-02-20 11:58:49.987611,ad2,seg1,30
2024-02-13 20:14:41.953434,ad2,seg1,25
2024-02-04 08:50:16.997370,ad2,seg1,44
2024-02-14 14:31:26.673401,ad2,seg1,32
2024-02-12 18:12:58.377806,ad2,seg1,55
2024-02-14 17:18:34.598925,ad2,seg1,24
2024-02-26 04:36:05.277628,ad2,seg1,27
2024-02-10 11:01:54.310568,ad2,seg1,28
2024-02-29 09:37:44.458848,ad2,seg1,21
2024-02-19 00:53:11.280115,ad2,seg1,32
2024-02-07 09:51:11.437632,ad2,seg1,39
2024-02-22 14:36:29.616021,ad2,seg1,39
2024-02-16 14:48:29.372606,ad2,seg1,43
2024-02-25 22:08:09.294097,ad2,seg1,35
2024-02-11 20:12:24.804165,ad2,seg1,21
2024-02-15 19:39:59.623998,ad2,seg1,32
2024-02-29 22:47:15.370952,ad2,seg1,33
2024-02-14 00:20:41.336859,ad2,seg1,43
2024-02-28 18:26:14.841680,ad2,seg1,38
2024-02-28 16:52:49.236386,ad2,seg1,28
2024-02-03 09:08:26.224957,ad2,seg1,35
2024-02-19 14:30:30.945114,ad2,seg1,20
2024-02-12 02:21:24.816679,ad2,seg1,29
2024-02-10 14:03:23.774261,ad2,seg1,36
2024-02-24 09:29:15.701667,ad2,seg1,47
2024-02-05 11:29:22.804232,ad2,seg1,36
2024-02-25 10:49:00.379671,ad2,seg1,44
2024-02-17 08:21:50.980660,ad2,seg1,12
2024-02-17 17:25:33.264327,ad2,seg1,32
2024-02-13 13:53:46.592882,ad2,seg1,43
2024-02-26 03:38:39.878019,ad2,seg1,46
2024-02-08 04:34:59.185786,ad2,seg1,22
2024-02-24 22:00:05.134965,ad2,seg1,37
2024-02-27 17:29:22.597049,ad2,seg1,30
2024-02-12 20:30:56.136815,ad2,seg1,7
2024-02-12 22:49:19.102775,ad2,seg1,54
2024-02-27 16:59:56.320468,ad2,seg1,36
2024-02-08 09:51:21.226520,ad2,seg1,47
2024-02-12 09:08:37.341216,ad2,seg1,56
2024-02-18 02:03:05.844750,ad2,seg1,31
2024-02-21 16:31:40.490947,ad2,seg1,29
2024-02-19 21:49:12.238987,ad2,seg1,35
2024-02-24 06:18:49.081783,ad2,seg1,21
2024-02-13 03:27:14.222578,ad2,seg1,35
2024-02-26 07:18:17.897376,ad2,seg1,31
2024-02-12 13:19:01.378431,ad2,seg1,4
2024-02-15 13:26:56.742760,ad2,seg1,24
2024-02-09 14:12:59.920054,ad2,seg1,31
2024-02-14 02:01:48.044675,ad2,seg1,54
2024-02-28 08:43:14.047440,ad2,seg1,38
2024-02-24 23:41:45.366458,ad2,seg1,47
2024-02-12 02:07:38.413335,ad2,seg1,14
2024-02-22 06:41:31.894141,ad2,seg1,26
2024-02-04 23:00:32.798825,ad2,seg1,51
2024-02-23 20:05:13.876719,ad2,seg1,31
2024-02-23 04:44:01.935762,ad2,seg1,40
2024-02-19 16:53:26.181659,ad2,seg1,35
2024-02-12 20:13:27.326308,ad2,seg1,49
2024-02-04 14:52:59.825565,ad2,seg1,29
2024-02-27 20:53:39.992198,ad2,seg1,12
2024-02-14 11:38:19.067321,ad2,seg1,30
2024-02-12 21:30:45.121909,ad2,seg1,32
2024-02-28 08:13:52.125700,ad2,seg1,35
2024-02-04 12:11:18.218411,ad2,seg1,17
2024-02-28 06:17:07.568230,ad2,seg1,27
2024-02-13 07:24:33.471474,ad2,seg1,40
2024-02-02 19:27:58.692890,ad2,seg1,27
2024-02-22 13:22:35.176712,ad2,seg1,46
2024-02-05 21:20:55.641364,ad2,seg1,27
2024-02-07 02:15:08.570511,ad2,seg1,30
2024-02-02 08:08:00.131587,ad2,seg1,43
2024-02-21 21:58:43.201860,ad2,seg1,36
2024-02-03 19:52:44.439730,ad2,seg1,25
2024-02-16 15:13:10.322419,ad2,seg1,10
2024-02-17 05:20:07.888410,ad2,seg1,31
2024-02-24 16:36:13.462334,ad2,seg1,10
2024-02-13 20:45:48.715703,ad2,seg1,43
2024-02-27 08:33:58.869402,ad2,seg1,9
2024-02-28 11:56:10.878978,ad2,seg1,16
2024-02-18 04:34:02.448411,ad2,seg2,9
2024-02-06 20:52:52.688830,ad2,seg2,28
2024-02-17 12:45:09.919204,ad2,seg2,20
2024-02-17 00:09:30.133494,ad2,seg2,26
2024-02-05 15:46:51.340737,ad2,seg2,21
2024-02-25 23:50:57.518081,ad2,seg2,18
2024-02-23 02:30:56.744130,ad2,seg2,19
2024-02-05 16:58:16.951762,ad2,seg2,32
2024-02-24 13:07:23.109055,ad2,seg2,30
2024-02-04 07:10:59.983327,ad2,seg2,14
2024-02-26 23:25:21.951367,ad2,seg2,25
2024-02-28 18:45:08.720248,ad2,seg2,21
2024-02-11 04:13:12.339536,ad2,seg2,51
2024-02-23 17:35:45.132675,ad2,seg2,37
2024-02-07 04:14:15.482057,ad2,seg2,12
2024-02-24 14:20:50.473961,ad2,seg2,27
2024-02-06 10:01:12.187033,ad2,seg2,40
2024-02-28 02:00:37.586344,ad2,seg2,24
2024-02-21 06:15:11.568819,ad2,seg2,32
2024-02-28 04:12:24.358649,ad2,seg2,42
2024-02-25 12:02:16.200655,ad2,seg2,25
2024-02-26 21:57:52.176809,ad2,seg2,14
2024-02-02 21:47:57.558875,ad2,seg2,26
2024-02-07 06:58:30.906461,ad2,seg2,8
2024-02-10 13:46:57.198294,ad2,seg2,38
2024-02-25 09:58:27.397318,ad2,seg2,55
2024-02-10 22:42:03.936655,ad2,seg2,45
2024-02-03 20:09:20.356558,ad2,seg2,29
2024-02-05 13:59:15.488143,ad2,seg2,47
2024-02-28 08:08:58.320411,ad2,seg2,18
2024-02-18 02:42:51.094710,ad2,seg2,29
2024-02-29 15:40:08.509927,ad2,seg2,23
2024-02-14 19:30:25.965732,ad2,seg2,32
2024-02-26 18:20:05.021226,ad2,seg2,58
2024-02-07 11:08:21.248089,ad2,seg2,47
2024-02-26 20:51:58.425810,ad2,seg2,44
2024-02-19 10:52:04.569771,ad2,seg2,7
2024-02-04 13:30:27.866358,ad2,seg2,31
2024-02-11 13:02:07.789168,ad2,seg2,26
2024-02-14 10:04:44.984994,ad2,seg2,5
2024-02-11 06:21:14.053799,ad2,seg2,12
2024-02-23 19:53:10.270398,ad2,seg2,38
2024-02-10 17:37:43.677117,ad2,seg2,46
2024-02-10 16:18:36.554326,ad2,seg2,24
2024-02-28 09:24:58.755590,ad2,seg2,28
2024-02-03 14:33:30.522404,ad2,seg2,44
2024-02-07 03:50:26.267452,ad2,seg2,28
2024-02-18 15:45:36.654912,ad2,seg2,53
2024-02-12 19:39:21.889497,ad2,seg2,29
2024-02-23 04:32:02.912233,ad2,seg2,34
2024-02-14 07:36:19.695064,ad2,seg2,18
2024-02-24 21:13:31.703177,ad2,seg2,42
2024-02-22 23:03:15.799180,ad2,seg2,21
2024-02-21 05:27:52.696149,ad2,seg2,53
2024-02-12 23:37:18.675853,ad2,seg2,26
2024-02-26 20:07:33.554507,ad2,seg2,10
2024-02-08 23:49:39.529177,ad2,seg2,53
2024-02-09 15:00:09.480652,ad2,seg2,28
2024-02-10 13:53:55.643350,ad2,seg2,43
2024-02-03 00:02:57.584937,ad2,seg2,21
2024-02-02 07:10:31.428602,ad2,seg2,34
2024-02-08 04:12:53.367200,ad2,seg2,36
2024-02-15 04:50:25.286621,ad2,seg2,40
2024-02-08 04:33:35.843638,ad2,seg2,1
2024-02-12 21:36:26.190064,ad2,seg2,28
2024-02-04 13:20:19.200513,ad2,seg2,4
2024-02-02 18:47:05.200979,ad2,seg2,6
2024-02-25 13:04:39.398755,ad2,seg2,31
2024-02-29 12:17:23.085470,ad2,seg2,9
2024-02-07 08:39:20.747119,ad2,seg2,52
2024-02-12 00:59:27.738351,ad2,seg2,11
2024-02-06 14:43:46.735552,ad2,seg2,25
2024-02-27 14:11:18.027648,ad2,seg2,20
2024-02-19 05:31:39.781277,ad2,seg2,61
2024-02-13 04:10:03.446770,ad2,seg2,18
2024-02-19 15:04:39.089110,ad2,seg2,23
2024-02-20 13:56:26.198402,ad2,seg2,21
2024-02-13 19:23:16.656252,ad2,seg2,36
2024-02-17 10:37:10.198093,ad2,seg2,5
2024-02-28 07:33:51.709055,ad2,seg2,31
2024-02-18 16:41:29.886259,ad2,seg2,26
2024-02-02 06:48:07.277556,ad2,seg2,13
2024-02-04 21:48:30.764041,ad2,seg2,33
2024-02-12 13:13:10.692634,ad2,seg2,14
2024-02-28 18:34:50.483480,ad2,seg2,52
2024-02-22 05:22:41.630787,ad2,seg2,45
2024-02-04 18:19:41.609756,ad2,seg2,50
2024-02-16 14:55:18.918191,ad2,seg2,46
2024-02-10 20:25:46.507031,ad2,seg2,19
2024-02-11 17:54:36.944783,ad2,seg2,27
2024-02-22 00:50:20.335527,ad2,seg2,13
2024-02-09 02:47:13.674523,ad2,seg2,68
2024-02-04 21:30:56.846942,ad2,seg2,59
2024-02-21 21:19:39.017703,ad2,seg2,39
2024-02-03 14:09:15.503510,ad2,seg2,5
2024-02-05 05:38:55.378052,ad2,seg2,25
2024-02-04 23:14:29.155694,ad2,seg2,22
2024-02-18 18:17:19.017649,ad2,seg2,40
2024-02-06 19:43:42.725953,ad2,seg2,32
2024-02-20 02:16:29.730022,ad2,seg2,17
2024-02-22 12:11:09.010382,ad2,seg2,42
2024-02-14 22:24:27.029899,ad2,seg2,37
2024-02-28 07:09:47.774574,ad2,seg2,38
2024-02-28 20:08:24.193691,ad2,seg2,21
2024-02-04 14:55:26.976521,ad2,seg2,64
2024-02-11 08:56:40.867159,ad2,seg2,34
2024-02-13 15:23:55.655855,ad2,seg2,26
2024-02-12 15:46:14.340611,ad2,seg2,47
2024-02-25 12:31:07.383165,ad2,seg2,40
2024-02-12 18:35:33.131189,ad2,seg2,37
2024-02-08 04:49:21.910334,ad2,seg2,12
2024-02-24 00:30:10.708901,ad2,seg2,40
2024-02-20 05:41:54.283636,ad2,seg2,17
2024-02-27 12:11:32.166297,ad2,seg2,26
2024-02-13 23:47:10.696125,ad2,seg2,36
2024-02-03 22:49:34.523300,ad2,seg2,19
2024-02-12 06:14:55.347585,ad2,seg2,33
2024-02-06 04:17:22.063570,ad2,seg2,20
2024-02-16 17:46:17.312297,ad2,seg2,55
2024-02-17 22:49:18.813008,ad2,seg2,19
2024-02-08 12:30:05.819454,ad2,seg2,55
2024-02-13 05:52:35.083709,ad2,seg2,21
2024-02-24 03:39:40.188969,ad2,seg2,46
2024-02-11 22:12:27.492806,ad2,seg2,21
2024-02-23 23:23:32.122363,ad2,seg2,16
2024-02-21 11:32:52.659098,ad2,seg2,14
2024-02-20 23:29:42.262312,ad2,seg2,11
2024-02-10 14:08:00.273638,ad2,seg2,53
2024-02-16 23:12:48.183400,ad2,seg2,54
2024-02-18 00:55:59.850076,ad2,seg2,39
2024-02-11 02:05:46.016504,ad2,seg2,6
2024-02-19 07:52:44.154144,ad2,seg2,39
2024-02-06 17:15:04.502712,ad2,seg2,55
2024-02-23 03:30:04.245461,ad2,seg2,31
2024-02-16 10:47:59.725415,ad2,seg2,23
2024-02-20 04:23:07.752192,ad2,seg2,12
2024-02-09 14:49:10.959371,ad2,seg2,15
2024-02-02 16:23:45.878843,ad2,seg2,12
2024-02-25 07:23:07.430830,ad2,seg2,50
2024-02-21 17:23:40.649427,ad2,seg2,29
2024-02-21 23:20:18.119283,ad2,seg2,25
2024-02-15 10:32:16.202049,ad2,seg2,35
2024-02-23 01:22:47.292361,ad2,seg2,40
2024-02-09 02:55:51.360534,ad2,seg2,47
2024-02-28 02:29:02.720108,ad2,seg2,37
2024-02-13 18:28:46.095474,ad2,seg2,6
2024-02-16 08:21:34.449379,ad2,seg3,35
2024-02-29 20:14:13.315401,ad2,seg3,21
2024-02-26 05:32:00.489401,ad2,seg3,8
2024-02-18 06:50:58.041036,ad2,seg3,32
2024-02-04 15:02:41.330251,ad2,seg3,18
2024-02-27 02:52:07.325999,ad2,seg3,17
2024-02-14 17:47:28.839203,ad2,seg3,38
2024-02-05 15:59:33.882198,ad2,seg3,17
2024-02-24 01:00:55.107442,ad2,seg3,31
2024-02-04 11:39:33.246261,ad2,seg3,18
2024-02-17 00:18:10.636128,ad2,seg3,25
2024-02-16 01:19:16.148159,ad2,seg3,26
2024-02-28 01:21:39.920268,ad2,seg3,31
2024-02-02 20:46:38.280622,ad2,seg3,34
2024-02-10 14:43:28.197925,ad2,seg3,43
2024-02-23 01:51:38.741889,ad2,seg3,29
2024-02-24 22:15:07.458208,ad2,seg3,31
2024-02-23 00:25:30.047685,ad2,seg3,21
2024-02-16 08:27:54.758991,ad2,seg3,30
2024-02-21 09:23:46.535939,ad2,seg3,22
2024-02-25 06:52:10.021334,ad2,seg3,41
2024-02-10 08:53:44.959719,ad2,seg3,44
2024-02-09 20:38:22.154414,ad2,seg3,45
2024-02-18 03:09:00.281981,ad2,seg3,67
2024-02-27 07:19:37.114799,ad2,seg3,49
2024-02-25 02:26:46.528742,ad2,seg3,45
2024-02-15 02:44:01.874756,ad2,seg3,28
2024-02-05 22:44:25.823892,ad2,seg3,29
2024-02-20 22:16:35.431191,ad2,seg3,32
2024-02-11 20:33:37.223478,ad2,seg3,31
2024-02-03 00:50:49.832758,ad2,seg3,50
2024-02-11 00:28:01.431386,ad2,seg3,43
2024-02-24 20:53:54.395561,ad2,seg3,36
2024-02-11 02:38:02.520617,ad2,seg3,10
2024-02-26 05:37:49.708704,ad2,seg3,37
2024-02-23 07:40:46.933856,ad2,seg3,23
2024-02-20 01:09:15.824307,ad2,seg3,11
2024-02-29 05:57:53.384133,ad2,seg3,45
2024-02-11 03:26:24.408971,ad2,seg3,28
2024-02-13 21:18:55.464409,ad2,seg3,34
2024-02-10 10:30:22.195610,ad2,seg3,43
2024-02-25 11:57:16.854993,ad2,seg3,12
2024-02-07 01:31:31.019239,ad2,seg3,39
2024-02-05 15:04:09.018091,ad2,seg3,21
2024-02-09 19:51:16.826665,ad2,seg3,34
2024-02-12 06:18:50.688030,ad2,seg3,29
2024-02-14 16:10:02.725526,ad2,seg3,33
2024-02-07 18:52:52.686610,ad2,seg3,26
2024-02-21 12:04:55.458481,ad2,seg3,44
2024-02-11 15:30:20.639794,ad2,seg3,12
2024-02-26 06:31:22.460878,ad2,seg3,28
2024-02-12 01:48:15.030753,ad2,seg3,36
2024-02-14 23:21:30.975859,ad2,seg3,63
2024-02-08 20:29:13.677494,ad2,seg3,36
2024-02-17 06:24:58.554563,ad2,seg3,28
2024-02-02 03:48:10.909277,ad2,seg3,26
2024-02-19 06:32:42.593170,ad2,seg3,41
2024-02-26 07:38:43.305073,ad2,seg3,22
2024-02-02 14:46:08.240004,ad2,seg3,20
2024-02-11 20:51:12.089813,ad2,seg3,36
2024-02-15 23:04:24.434084,ad2,seg3,28
2024-02-21 15:15:03.651401,ad2,seg3,37
2024-02-07 23:15:10.986151,ad2,seg3,20
2024-02-18 19:04:28.600824,ad2,seg3,50
2024-02-03 19:30:30.302542,ad2,seg3,25
2024-02-12 08:24:32.561391,ad2,seg3,47
2024-02-05 03:51:58.917315,ad2,seg3,18
2024-02-14 12:02:01.433524,ad2,seg3,35
2024-02-08 15:31:42.699158,ad2,seg3,51
2024-02-24 19:50:47.889142,ad2,seg3,6
2024-02-28 14:30:47.107752,ad2,seg3,36
2024-02-12 17:23:23.675809,ad2,seg3,33
2024-02-13 22:58:39.892959,ad2,seg3,24
2024-02-19 12:16:00.094292,ad2,seg3,31
2024-02-04 05:05:18.584703,ad2,seg3,20
2024-02-28 08:15:09.969760,ad2,seg3,40
2024-02-23 08:34:48.733061,ad2,seg3,21
2024-02-08 08:46:07.211200,ad2,seg3,16
2024-02-09 00:25:41.040564,ad2,seg3,49
2024-02-16 07:01:12.083464,ad2,seg3,25
2024-02-16 18:11:35.545091,ad2,seg3,16
2024-02-11 13:35:51.965220,ad2,seg3,34
2024-02-26 04:39:12.590442,ad2,seg3,42
2024-02-29 05:32:58.393951,ad2,seg3,34
2024-02-16 20:12:32.396950,ad2,seg3,42
2024-02-13 10:25:45.341584,ad2,seg3,37
2024-02-17 16:47:29.282358,ad2,seg3,43
2024-02-02 16:29:42.487178,ad2,seg3,24
2024-02-21 03:35:53.308991,ad2,seg3,11
2024-02-20 18:29:06.735215,ad2,seg3,37
2024-02-05 22:17:11.235666,ad2,seg3,20
2024-02-29 11:30:05.148045,ad2,seg3,2
2024-02-05 12:24:26.729730,ad2,seg3,55
2024-02-18 04:13:32.534600,ad2,seg3,52
2024-02-27 17:16:29.320554,ad2,seg3,19
2024-02-23 15:38:48.876507,ad2,seg3,18
2024-02-09 01:17:37.780753,ad2,seg3,31
2024-02-16 21:40:04.262563,ad2,seg3,29
2024-02-23 12:03:57.146169,ad2,seg3,42
2024-02-09 20:45:09.685931,ad2,seg3,51
2024-02-17 19:40:54.960822,ad2,seg3,47
2024-02-02 02:41:01.943865,ad2,seg3,15
2024-02-20 10:27:39.900641,ad2,seg3,40
2024-02-12 17:47:02.813637,ad2,seg3,38
2024-02-24 21:22:31.660859,ad2,seg3,22
2024-02-07 16:43:47.276582,ad2,seg3,50
2024-02-11 03:45:41.318117,ad2,seg3,51
2024-02-14 13:43:21.167490,ad2,seg3,16
2024-02-11 04:45:18.626778,ad2,seg3,55
2024-02-09 12:00:55.254676,ad2,seg3,16
2024-02-14 07:31:52.987938,ad2,seg3,39
2024-02-26 08:49:38.677914,ad2,seg3,32
2024-02-07 05:43:09.971001,ad2,seg3,44
2024-02-27 17:28:38.926355,ad2,seg3,30
2024-02-07 04:37:06.653808,ad2,seg3,33
2024-02-29 07:08:02.149331,ad2,seg3,67
2024-02-13 10:57:42.853469,ad2,seg3,36
2024-02-22 23:51:49.291157,ad2,seg3,12
2024-02-16 20:15:45.955515,ad2,seg3,29
2024-02-10 01:46:27.153905,ad2,seg3,23
2024-02-03 09:58:12.678654,ad2,seg4,43
2024-02-28 22:54:20.676621,ad2,seg4,12
2024-02-08 09:46:37.456343,ad2,seg4,2
2024-02-12 12:13:44.254474,ad2,seg4,9
2024-02-26 16:33:18.145926,ad2,seg4,40
2024-02-09 08:17:34.286227,ad2,seg4,46
2024-02-06 00:12:00.205998,ad2,seg4,33
2024-02-08 12:36:40.520986,ad2,seg4,52
2024-02-19 12:45:38.893357,ad2,seg4,49
2024-02-04 23:30:22.657379,ad2,seg4,49
2024-02-06 19:42:43.395909,ad2,seg4,37
2024-02-27 21:01:47.310724,ad2,seg4,27
2024-02-15 20:40:15.081174,ad2,seg4,14
2024-02-18 10:21:05.789017,ad2,seg4,28
2024-02-13 00:20:27.604515,ad2,seg4,28
2024-02-15 22:15:29.537301,ad2,seg4,21
2024-02-10 01:18:02.209934,ad2,seg4,74
2024-02-15 08:09:01.485470,ad2,seg4,13
2024-02-29 18:07:13.845087,ad2,seg4,53
2024-02-02 23:17:59.897982,ad2,seg4,7
2024-02-28 02:14:37.488222,ad2,seg4,20
2024-02-25 20:00:57.948074,ad2,seg4,7
2024-02-11 15:23:11.143470,ad2,seg4,39
2024-02-02 14:42:37.644858,ad2,seg4,19
2024-02-28 10:57:06.008467,ad2,seg4,57
2024-02-02 06:08:27.434564,ad2,seg4,33
2024-02-10 06:16:25.494510,ad2,seg4,39
2024-02-17 08:50:34.379157,ad2,seg4,9
2024-02-29 18:17:53.301162,ad2,seg4,30
2024-02-22 15:49:17.350034,ad2,seg4,29
2024-02-19 23:00:55.086221,ad2,seg4,15
2024-02-23 04:48:34.383110,ad2,seg4,24
2024-02-02 10:39:52.559691,ad2,seg4,12
2024-02-23 10:44:28.372183,ad2,seg4,26
2024-02-13 23:10:00.224196,ad2,seg4,18
2024-02-08 19:06:41.689517,ad2,seg4,59
2024-02-26 22:37:42.192135,ad2,seg4,30
2024-02-05 00:08:47.397555,ad2,seg4,40
2024-02-24 11:05:43.043698,ad2,seg4,13
2024-02-25 09:06:21.776825,ad2,seg4,20
2024-02-18 21:15:15.802309,ad2,seg4,20
2024-02-07 08:46:24.918429,ad2,seg4,46
2024-02-10 14:24:55.210086,ad2,seg4,9
2024-02-21 17:25:02.283637,ad2,seg4,31
2024-02-26 10:00:55.767059,ad2,seg4,25
2024-02-05 04:33:38.146636,ad2,seg4,12
2024-02-19 03:18:19.795292,ad2,seg4,12
2024-02-15 01:24:10.656317,ad2,seg4,27
2024-02-23 10:50:46.216398,ad2,seg4,5
2024-02-12 22:51:41.794172,ad2,seg4,29
2024-02-07 14:21:53.956239,ad2,seg4,21
2024-02-21 22:27:44.457476,ad2,seg4,38
2024-02-26 03:08:44.254315,ad2,seg4,17
2024-02-25 22:57:59.424081,ad3,seg1,147
2024-02-16 11:29:33.063225,ad3,seg1,155
2024-02-07 16:59:16.572932,ad3,seg1,28
2024-02-10 18:24:40.589401,ad3,seg1,77
2024-02-04 16:43:31.424133,ad3,seg1,86
2024-02-14 14:03:12.062787,ad3,seg1,54
2024-02-21 20:25:15.247381,ad3,seg1,83
2024-02-08 10:57:11.006888,ad3,seg1,62
2024-02-26 07:05:41.867290,ad3,seg1,53
2024-02-08 05:28:59.485626,ad3,seg1,13
2024-02-14 17:51:21.093478,ad3,seg1,142
2024-02-03 01:47:13.315365,ad3,seg1,94
2024-02-21 14:46:23.091877,ad3,seg1,39
2024-02-08 06:53:46.175831,ad3,seg1,107
2024-02-19 02:52:11.745012,ad3,seg1,100
2024-02-11 00:32:44.319328,ad3,seg1,36
2024-02-04 00:05:20.018694,ad3,seg1,55
2024-02-07 20:17:40.946168,ad3,seg1,16
2024-02-08 14:22:58.763214,ad3,seg1,88
2024-02-11 04:22:33.384942,ad3,seg1,34
2024-02-14 20:22:59.271218,ad3,seg1,24
2024-02-03 16:08:07.896978,ad3,seg1,88
2024-02-11 19:56:17.998793,ad3,seg1,65
2024-02-20 00:54:05.589238,ad3,seg1,8
2024-02-04 03:09:24.229182,ad3,seg1,75
2024-02-20 02:48:01.102687,ad3,seg1,58
2024-02-04 04:53:51.657976,ad3,seg1,29
2024-02-16 04:47:10.492256,ad3,seg1,49
2024-02-22 14:23:14.080380,ad3,seg1,177
2024-02-23 09:15:23.489070,ad3,seg1,129
2024-02-21 07:49:59.732775,ad3,seg1,3
2024-02-01 16:48:35.784961,ad3,seg1,4
2024-02-11 16:46:18.181345,ad3,seg1,80
2024-02-01 00:34:18.148466,ad3,seg1,36
2024-02-19 01:11:17.297798,ad3,seg1,25
2024-02-17 12:01:16.199953,ad3,seg1,7
2024-02-08 16:31:28.850166,ad3,seg1,44
2024-02-24 10:20:49.569063,ad3,seg1,29
2024-02-04 03:42:42.595453,ad3,seg1,51
2024-02-01 14:35:08.350476,ad3,seg1,31
2024-02-21 12:58:52.252884,ad3,seg1,134
2024-02-10 05:15:27.594234,ad3,seg1,34
2024-02-01 23:37:26.518597,ad3,seg1,98
2024-02-23 16:28:28.584298,ad3,seg1,11
2024-02-08 08:45:09.907633,ad3,seg1,19
2024-02-15 01:02:57.851168,ad3,seg1,38
2024-02-21 23:04:41.599589,ad3,seg1,93
2024-02-15 15:24:00.870198,ad3,seg1,93
2024-02-11 09:06:30.509545,ad3,seg1,82
2024-02-09 12:42:46.598655,ad3,seg1,77
2024-02-06 19:16:45.814965,ad3,seg1,26
2024-02-14 08:13:20.543568,ad3,seg1,136
2024-02-18 07:18:10.628796,ad3,seg1,57
2024-02-01 11:03:20.718034,ad3,seg1,119
2024-02-14 20:36:33.763540,ad3,seg1,83
2024-02-03 04:39:31.475470,ad3,seg1,40
2024-02-11 18:27:32.645287,ad3,seg1,34
2024-02-06 06:11:00.786561,ad3,seg1,14
2024-02-03 11:03:46.282586,ad3,seg1,23
2024-02-16 10:10:21.025377,ad3,seg1,11
2024-02-23 23:32:04.974198,ad3,seg1,88
2024-02-27 13:21:45.469023,ad3,seg1,48
2024-02-10 13:33:23.242106,ad3,seg1,68
2024-02-17 00:25:37.119014,ad3,seg1,23
2024-02-18 17:36:48.706056,ad3,seg1,119
2024-02-05 07:19:18.208347,ad3,seg1,50
2024-02-14 01:15:26.162384,ad3,seg1,40
2024-02-07 08:19:37.378030,ad3,seg1,73
2024-02-25 04:07:03.006546,ad3,seg1,53
2024-02-15 08:15:43.253945,ad3,seg1,26
2024-02-19 23:00:01.773021,ad3,seg1,30
2024-02-19 16:52:08.689510,ad3,seg1,1
2024-02-05 23:15:18.452894,ad3,seg1,86
2024-02-22 09:40:17.299872,ad3,seg1,3
2024-02-20 00:22:03.355742,ad3,seg1,62
2024-02-18 21:29:13.114325,ad3,seg1,67
2024-02-05 16:14:59.629600,ad3,seg1,66
2024-02-05 15:25:27.094778,ad3,seg1,92
2024-02-27 17:40:38.661415,ad3,seg1,21
2024-02-05 01:06:26.501655,ad3,seg1,69
2024-02-17 18:15:05.571042,ad3,seg1,17
2024-02-26 06:59:59.068742,ad3,seg1,19
2024-02-13 05:28:58.890290,ad3,seg2,24
2024-02-16 00:46:47.603811,ad3,seg2,91
2024-02-26 01:44:36.726981,ad3,seg2,35
2024-02-05 18:26:14.488222,ad3,seg2,9
2024-02-23 08:07:10.062808,ad3,seg2,3
2024-02-18 22:43:28.674570,ad3,seg2,31
2024-02-24 18:31:31.098195,ad3,seg2,12
2024-02-15 04:22:54.110228,ad3,seg2,74
2024-02-20 13:12:02.822481,ad3,seg2,49
2024-02-14 16:19:23.707547,ad3,seg2,35
2024-02-15 07:03:52.240979,ad3,seg2,49
2024-02-21 05:58:26.714708,ad3,seg2,63
2024-02-13 22:13:21.427405,ad3,seg2,100
2024-02-10 23:49:13.291683,ad3,seg2,78
2024-02-22 14:39:31.412513,ad3,seg2,107
2024-02-27 14:00:13.414009,ad3,seg2,60
2024-02-21 19:48:17.761557,ad3,seg2,34
2024-02-24 14:14:49.881811,ad3,seg2,34
2024-02-26 10:09:11.183522,ad3,seg2,63
2024-02-13 04:02:39.718391,ad3,seg2,45
2024-02-14 16:52:30.610592,ad3,seg2,67
2024-02-23 20:28:18.072932,ad3,seg2,118
2024-02-03 13:47:06.944129,ad3,seg2,72
2024-02-02 01:40:36.341348,ad3,seg2,99
2024-02-24 05:02:28.571005,ad3,seg2,107
2024-02-22 07:31:59.255950,ad3,seg2,83
2024-02-04 16:53:41.821114,ad3,seg2,78
2024-02-23 19:13:26.403339,ad3,seg2,25
2024-02-13 22:42:30.681651,ad3,seg2,119
2024-02-23 22:18:23.673127,ad3,seg2,9
2024-02-22 00:33:58.967946,ad3,seg2,120
2024-02-05 13:56:56.208244,ad3,seg2,113
2024-02-07 18:25:26.181302,ad3,seg2,18
2024-02-22 05:30:35.605659,ad3,seg2,33
2024-02-20 00:14:29.107059,ad3,seg2,9
2024-02-19 18:04:51.913135,ad3,seg2,37
2024-02-20 07:05:34.183770,ad3,seg2,24
2024-02-19 17:23:42.478656,ad3,seg2,7
2024-02-17 15:26:44.644267,ad3,seg2,79
2024-02-26 13:12:55.962275,ad3,seg2,22
2024-02-19 09:02:10.433168,ad3,seg2,79
2024-02-11 14:17:24.354546,ad3,seg2,40
2024-02-17 01:24:40.899569,ad3,seg2,130
2024-02-11 10:10:24.480425,ad3,seg2,25
2024-02-02 18:31:17.051907,ad3,seg2,41
2024-02-18 10:08:36.561310,ad3,seg2,105
2024-02-02 21:23:09.366267,ad3,seg2,111
2024-02-13 13:07:18.246509,ad3,seg2,55
2024-02-27 16:04:33.038963,ad3,seg2,92
2024-02-09 06:42:07.361939,ad3,seg2,57
2024-02-10 15:55:25.114655,ad3,seg2,116
2024-02-18 22:33:30.511778,ad3,seg2,78
2024-02-25 15:27:18.081181,ad3,seg2,46
2024-02-25 22:02:07.482359,ad3,seg2,29
2024-02-22 01:00:31.682318,ad3,seg2,47
2024-01-31 23:39:52.214772,ad3,seg2,33
2024-02-14 03:17:53.774947,ad3,seg2,139
2024-02-17 21:53:08.325363,ad3,seg2,61
2024-02-26 16:07:58.645432,ad3,seg2,46
2024-02-03 07:41:10.081002,ad3,seg2,109
2024-02-20 02:10:33.230157,ad3,seg2,13
2024-02-12 03:11:13.571774,ad3,seg2,26
2024-02-25 01:20:47.467188,ad3,seg2,98
2024-02-09 07:40:01.875359,ad3,seg2,17
2024-02-04 21:46:26.651039,ad3,seg2,169
2024-02-02 01:49:52.804478,ad3,seg2,72
2024-02-20 18:30:33.938355,ad3,seg2,34
2024-02-26 11:24:18.264775,ad3,seg2,44
2024-02-21 08:22:56.939051,ad3,seg2,74
2024-02-02 10:41:59.914428,ad3,seg2,39
2024-02-14 22:30:00.893145,ad3,seg2,115
2024-02-20 18:28:22.704126,ad3,seg2,23
2024-02-23 02:44:19.711111,ad3,seg2,12
2024-02-23 20:57:28.260807,ad3,seg2,74
2024-02-14 00:39:02.855578,ad3,seg2,145
2024-02-05 15:39:45.759821,ad3,seg2,13
2024-02-19 20:33:22.570532,ad3,seg2,2
2024-02-27 18:24:29.093887,ad3,seg2,89
2024-02-07 06:59:44.968011,ad3,seg2,25
2024-02-18 11:07:14.271261,ad3,seg2,34
2024-02-27 22:07:38.509928,ad3,seg2,12
2024-02-04 01:59:43.958129,ad3,seg2,116
2024-02-23 23:03:24.258717,ad3,seg2,5
2024-02-01 16:20:29.101474,ad3,seg2,64
2024-02-12 16:50:57.156744,ad3,seg2,4
2024-02-04 06:41:53.632351,ad3,seg2,76
2024-02-18 23:55:03.908142,ad3,seg2,20
2024-02-16 07:31:38.798106,ad3,seg2,53
2024-02-23 18:01:24.405047,ad3,seg2,34
2024-02-08 14:57:00.535804,ad3,seg2,2
2024-02-04 01:28:19.386328,ad3,seg2,45
2024-02-21 08:43:27.417993,ad3,seg2,12
2024-01-31 22:51:20.745227,ad3,seg2,118
2024-02-22 15:13:22.060768,ad3,seg2,45
2024-02-01 13:19:43.358005,ad3,seg2,124
2024-02-09 12:33:03.277635,ad3,seg2,82
2024-02-07 21:16:49.239139,ad3,seg2,26
2024-02-21 07:37:36.161083,ad3,seg2,26
2024-01-31 07:55:38.632324,ad3,seg2,77
2024-02-20 13:14:02.614801,ad3,seg2,23
2024-02-19 00:12:39.885105,ad3,seg2,2
2024-02-17 04:25:30.004109,ad3,seg2,5
2024-02-19 23:22:21.896729,ad3,seg2,33
2024-02-16 15:01:38.511813,ad3,seg2,38
2024-02-05 02:16:58.382812,ad3,seg2,75
2024-02-27 15:00:18.743734,ad3,seg2,85
2024-02-03 08:44:40.462877,ad3,seg2,31
2024-02-13 13:14:12.932169,ad3,seg2,134
2024-02-01 23:13:21.363447,ad3,seg2,109
2024-02-18 03:40:28.089434,ad3,seg2,10
2024-02-01 19:40:18.288272,ad3,seg3,79
2024-02-05 06:38:52.112730,ad3,seg3,40
2024-02-11 16:32:13.998670,ad3,seg3,47
2024-02-02 09:24:29.875764,ad3,seg3,94
2024-01-31 22:19:53.486105,ad3,seg3,68
2024-02-08 19:12:11.688305,ad3,seg3,116
2024-02-09 03:14:42.418201,ad3,seg3,76
2024-02-11 07:29:33.798881,ad3,seg3,18
2024-02-20 12:16:45.984848,ad3,seg3,27
2024-02-03 18:13:43.243458,ad3,seg3,5
2024-02-22 11:47:45.562457,ad3,seg3,130
2024-02-11 06:17:50.839379,ad3,seg3,15
2024-02-02 06:45:02.971725,ad3,seg3,13
2024-01-31 10:08:04.488195,ad3,seg3,82
2024-02-16 09:54:32.923273,ad3,seg3,90
2024-02-13 00:58:46.101532,ad3,seg3,66
2024-02-16 12:59:39.098223,ad3,seg3,108
2024-02-27 10:09:22.413147,ad3,seg3,19
2024-02-04 01:03:41.488611,ad3,seg3,28
2024-02-07 05:20:37.173444,ad3,seg3,69
2024-02-07 10:00:50.468054,ad3,seg3,78
2024-02-19 09:07:48.889432,ad3,seg3,50
2024-02-14 00:34:21.696189,ad3,seg3,60
2024-02-11 21:37:57.235550,ad3,seg3,62
2024-02-07 05:54:38.145808,ad3,seg3,91
2024-02-18 18:32:38.819045,ad3,seg3,17
2024-02-13 06:30:14.128611,ad3,seg3,30
2024-02-09 22:04:27.685914,ad3,seg3,8
2024-02-19 05:56:51.373343,ad3,seg3,35
2024-02-05 12:49:32.293665,ad3,seg3,141
2024-02-22 07:11:16.523134,ad3,seg3,32
2024-02-17 08:20:48.163371,ad3,seg3,127
2024-02-22 15:56:12.468352,ad3,seg3,66
2024-02-13 22:33:56.823818,ad3,seg3,61
2024-02-21 12:49:12.279276,ad3,seg3,18
2024-02-10 07:51:21.482317,ad3,seg3,119
2024-02-03 16:41:14.067006,ad3,seg3,55
2024-02-15 18:22:37.851241,ad3,seg3,52
2024-02-13 22:31:13.676527,ad3,seg3,119
2024-02-16 21:02:21.697064,ad3,seg3,10
2024-02-23 20:12:52.570164,ad3,seg3,171
2024-02-27 20:07:16.873015,ad3,seg3,46
2024-02-15 00:14:37.981003,ad3,seg3,29
2024-02-05 05:53:45.831003,ad3,seg3,26
2024-02-15 11:04:22.335741,ad3,seg3,37
2024-02-06 18:12:00.234864,ad3,seg3,110
2024-02-03 05:46:57.445086,ad3,seg3,85
2024-02-02 01:39:00.735533,ad3,seg3,4
2024-02-14 18:09:27.565448,ad3,seg3,51
2024-01-31 19:24:39.433079,ad3,seg3,68
2024-02-17 08:15:08.301333,ad3,seg3,15
2024-02-02 04:37:38.665970,ad3,seg3,53
2024-02-06 07:17:07.678086,ad3,seg3,5
2024-01-31 12:58:22.803008,ad3,seg3,201
2024-02-08 23:46:13.288311,ad3,seg3,36
2024-02-18 08:15:52.680788,ad3,seg3,135
2024-01-31 00:38:40.839887,ad3,seg3,62
2024-02-03 13:40:51.794805,ad3,seg3,119
2024-02-11 10:30:48.959443,ad3,seg3,9
2024-02-22 16:17:03.603786,ad3,seg3,84
2024-02-04 00:34:43.806064,ad3,seg3,106
2024-02-02 21:07:19.346946,ad3,seg3,21
2024-02-04 01:19:48.062004,ad3,seg3,59
2024-02-13 09:06:45.236284,ad3,seg3,34
2024-02-03 18:15:27.919301,ad3,seg3,29
2024-02-11 02:48:44.809260,ad3,seg3,124
2024-02-26 21:59:05.245211,ad3,seg3,2
2024-02-08 03:38:21.222751,ad3,seg3,29
2024-02-24 07:01:51.351957,ad3,seg3,53
2024-02-11 00:19:27.029811,ad3,seg3,71
2024-02-18 17:00:18.103271,ad3,seg3,28
2024-02-24 18:21:03.183445,ad3,seg3,140
2024-02-12 13:25:18.926021,ad3,seg3,13
2024-02-08 08:42:08.389370,ad3,seg3,102
2024-02-17 04:58:52.996765,ad3,seg4,60
2024-02-14 17:07:09.193352,ad3,seg4,22
2024-02-01 18:54:15.414969,ad3,seg4,116
2024-02-15 12:13:14.334467,ad3,seg4,12
2024-02-24 13:23:14.773003,ad3,seg4,9
2024-02-08 00:51:57.033526,ad3,seg4,87
2024-02-10 19:05:56.902644,ad3,seg4,84
2024-02-04 03:25:01.881015,ad3,seg4,175
2024-02-03 14:00:25.977822,ad3,seg4,99
2024-02-20 02:41:23.105917,ad3,seg4,63
2024-02-19 23:06:54.953255,ad3,seg4,48
2024-02-12 12:25:53.057803,ad3,seg4,106
2024-02-25 12:31:43.120888,ad3,seg4,135
2024-02-21 13:49:28.798083,ad3,seg4,17
2024-02-04 22:37:16.168447,ad3,seg4,38
2024-02-11 11:19:38.512636,ad3,seg4,45
2024-02-19 23:22:18.705944,ad3,seg4,23
2024-02-06 17:37:22.731047,ad3,seg4,103
2024-02-24 13:54:55.587574,ad3,seg4,7
2024-02-17 22:40:19.756866,ad3,seg4,67
2024-02-25 23:49:19.289693,ad3,seg4,60
2024-02-03 08:33:37.485416,ad3,seg4,44
2024-02-21 04:34:41.743506,ad3,seg4,101
2024-02-13 08:18:30.605918,ad3,seg4,68
2024-02-07 10:39:05.449664,ad3,seg4,52
2024-02-13 13:40:48.778164,ad3,seg4,36
2024-02-12 21:27:29.397313,ad3,seg4,70
2024-02-18 11:33:20.583595,ad3,seg4,51
2024-02-03 01:54:14.731626,ad3,seg4,14
2024-02-23 04:33:43.498338,ad3,seg4,3
2024-02-16 05:46:53.054410,ad3,seg4,107
2024-02-22 19:24:38.389885,ad3,seg4,85
2024-02-24 05:00:50.252101,ad3,seg4,131
2024-02-18 13:25:31.687367,ad3,seg4,4
2024-02-12 04:15:00.512864,ad3,seg4,63
2024-02-17 00:30:00.689586,ad3,seg4,158
2024-02-27 11:30:36.331406,ad3,seg4,6
2024-02-03 05:11:42.746211,ad3,seg4,83
2024-02-06 14:27:14.336145,ad3,seg4,82
2024-02-07 16:32:50.468899,ad3,seg4,74
2024-02-20 18:37:36.746536,ad3,seg4,125
2024-02-11 23:16:52.683236,ad3,seg4,58
2024-02-14 19:45:40.159138,ad3,seg4,104
2024-02-22 01:25:36.024185,ad3,seg4,149
2024-02-01 09:09:34.133064,ad3,seg4,14
2024-02-16 13:09:26.315676,ad3,seg4,107
2024-02-03 02:22:20.530030,ad3,seg4,105
2024-02-09 12:47:21.248958,ad3,seg4,29
